Destinatio,Origin,Population,id,iso_n3
Pakistan,Afghanistan,"1397113","2279","004"
Iran,Afghanistan,"951142","1538","004"
Germany,Afghanistan,"116664","1204","004"
Austria,Afghanistan,"29983","175","004"
Sweden,Afghanistan,"27288","2727","004"
Italy,Afghanistan,"17077","1623","004"
France,Afghanistan,"15876","1059","004"
Australia,Afghanistan,"11618","89","004"
Switz.,Afghanistan,"10084","2828","004"
UK,Afghanistan,"9559","3089","004"
France,Albania,"4684","1060","008"
UK,Albania,"2450","3090","008"
USA,Albania,"1518","3210","008"
Germany,Albania,"1103","1205","008"
Canada,Albania,"885","505","008"
Belgium,Albania,"701","272","008"
Italy,Albania,"617","1624","008"
Sweden,Albania,"332","2728","008"
Greece,Albania,"154","1360","008"
Austria,Albania,"85","176","008"
France,Algeria,"1704","1061","012"
Germany,Algeria,"574","1206","012"
Canada,Algeria,"425","506","012"
UK,Algeria,"330","3091","012"
Italy,Algeria,"191","1625","012"
Ireland,Algeria,"189","1552","012"
Switz.,Algeria,"159","2830","012"
USA,Algeria,"135","3211","012"
Greece,Algeria,"79","1361","012"
Belgium,Algeria,"70","273","012"
France,Angola,"3454","1062","024"
Brazil,Angola,"1128","392","024"
Germany,Angola,"848","1207","024"
Switz.,Angola,"758","2831","024"
DRC,Angola,"490","859","024"
Congo,Angola,"318","729","024"
Ireland,Angola,"236","1553","024"
UK,Angola,"184","3092","024"
USA,Angola,"184","3212","024"
Finland,Angola,"125","1009","024"
Canada,Antigua and Barbuda,"97","508","028"
USA,Argentina,"50","3213","032"
Canada,Argentina,"23","509","032"
Germany,Argentina,"13","1208","032"
Brazil,Argentina,"6","393","032"
Italy,Argentina,"5","1627","032"
Netherlands,Argentina,"5","2069","032"
France,Armenia,"4153","1063","051"
Germany,Armenia,"2262","1209","051"
USA,Armenia,"1621","3214","051"
Austria,Armenia,"602","179","051"
Sweden,Armenia,"445","2731","051"
Netherlands,Armenia,"408","2070","051"
Italy,Armenia,"301","1628","051"
UK,Armenia,"192","3051","051"
Belgium,Armenia,"151","275","051"
Switz.,Armenia,"142","2832","051"
Germany,Azerbaijan,"3547","1210","031"
France,Azerbaijan,"2905","1064","031"
Armenia,Azerbaijan,"1999","79","031"
Sweden,Azerbaijan,"668","2732","031"
Canada,Azerbaijan,"354","511","031"
USA,Azerbaijan,"338","3215","031"
Austria,Azerbaijan,"291","180","031"
Netherlands,Azerbaijan,"244","2071","031"
Ukraine,Azerbaijan,"148","3052","031"
Belgium,Azerbaijan,"94","276","031"
Canada,Bahamas,"214","512","044"
USA,Bahamas,"178","3216","044"
UK,Bahrain,"165","3095","048"
Australia,Bahrain,"96","93","048"
Germany,Bahrain,"78","1211","048"
Canada,Bahrain,"56","513","048"
USA,Bahrain,"47","3217","048"
Lebanon,Bahrain,"26","1799","048"
NZ,Bahrain,"24","2148","048"
Sweden,Bahrain,"15","2733","048"
France,Bahrain,"8","1065","048"
Italy,Bangladesh,"7688","1630","050"
France,Bangladesh,"5315","1066","050"
USA,Bangladesh,"1421","3218","050"
UK,Bangladesh,"1163","3096","050"
Canada,Bangladesh,"981","514","050"
Germany,Bangladesh,"659","1212","050"
Australia,Bangladesh,"416","94","050"
S. Africa,Bangladesh,"319","2620","050"
Austria,Bangladesh,"293","181","050"
Greece,Bangladesh,"259","1363","050"
Canada,Barbados,"185","515","052"
UK,Barbados,"10","3097","052"
USA,Belarus,"1559","3219","112"
France,Belarus,"511","1067","112"
Czechia,Belarus,"364","824","112"
Poland,Belarus,"189","2370","112"
Germany,Belarus,"185","1213","112"
UK,Belarus,"145","3098","112"
Sweden,Belarus,"128","2735","112"
Canada,Belarus,"102","516","112"
Austria,Belarus,"78","182","112"
Netherlands,Belarus,"56","2073","112"
USA,Belgium,"31","3220","056"
Canada,Belgium,"14","517","056"
Germany,Belgium,"5","1214","056"
USA,Belize,"43","3221","084"
Canada,Belize,"16","518","084"
Italy,Benin,"262","1632","204"
USA,Benin,"96","3222","204"
Germany,Benin,"79","1215","204"
Canada,Benin,"61","519","204"
Belgium,Benin,"41","279","204"
France,Benin,"39","1068","204"
Switz.,Benin,"22","2836","204"
Sweden,Benin,"8","2736","204"
UK,Benin,"7","3099","204"
Netherlands,Benin,"6","2074","204"
Nepal,Bhutan,"6809","2059","064"
Netherlands,Bhutan,"169","2075","064"
France,Bhutan,"117","1069","064"
UK,Bhutan,"79","3100","064"
USA,Bhutan,"42","3223","064"
Brazil,Bhutan,"30","395","064"
Germany,Bhutan,"21","1216","064"
Ireland,Bhutan,"10","1558","064"
Sweden,Bhutan,"7","2737","064"
Canada,Bhutan,"6","520","064"
Brazil,Bolivia (Plurinational State of),"153","396","068"
USA,Bolivia (Plurinational State of),"110","3224","068"
Sweden,Bolivia (Plurinational State of),"62","2738","068"
Canada,Bolivia (Plurinational State of),"49","521","068"
France,Bolivia (Plurinational State of),"37","1070","068"
Paraguay,Bolivia (Plurinational State of),"17","2313","068"
UK,Bolivia (Plurinational State of),"15","3101","068"
Italy,Bolivia (Plurinational State of),"13","1633","068"
Austria,Bolivia (Plurinational State of),"11","183","068"
Peru,Bolivia (Plurinational State of),"9","2322","068"
Serbia,Bosnia and Herzegovina,"8765","2564","070"
France,Bosnia and Herzegovina,"4095","1071","070"
Switz.,Bosnia and Herzegovina,"1956","2837","070"
Germany,Bosnia and Herzegovina,"1471","1218","070"
Italy,Bosnia and Herzegovina,"648","1634","070"
Sweden,Bosnia and Herzegovina,"140","2739","070"
Austria,Bosnia and Herzegovina,"106","184","070"
USA,Bosnia and Herzegovina,"96","3225","070"
Belgium,Bosnia and Herzegovina,"58","280","070"
Croatia,Bosnia and Herzegovina,"37","768","070"
Canada,Botswana,"260","523","072"
UK,Botswana,"20","3103","072"
USA,Brazil,"649","3226","076"
Italy,Brazil,"125","1635","076"
Canada,Brazil,"68","524","076"
Germany,Brazil,"33","1219","076"
Switz.,Brazil,"14","2838","076"
France,Brazil,"13","1072","076"
UK,Brazil,"13","3104","076"
Sweden,Brazil,"8","2740","076"
USA,Bulgaria,"310","3227","100"
Canada,Bulgaria,"137","525","100"
Germany,Bulgaria,"82","1220","100"
France,Bulgaria,"70","1073","100"
Belgium,Bulgaria,"19","281","100"
Czechia,Bulgaria,"16","826","100"
Sweden,Bulgaria,"16","2741","100"
Norway,Bulgaria,"11","2223","100"
Slovakia,Bulgaria,"8","2581","100"
Switz.,Bulgaria,"8","2839","100"
Mali,Burkina Faso,"7374","1927","854"
USA,Burkina Faso,"1236","3228","854"
Italy,Burkina Faso,"1105","1636","854"
France,Burkina Faso,"218","1074","854"
Belgium,Burkina Faso,"100","282","854"
Canada,Burkina Faso,"95","526","854"
Germany,Burkina Faso,"84","1221","854"
Switz.,Burkina Faso,"20","2840","854"
Greece,Burkina Faso,"15","1365","854"
Netherlands,Burkina Faso,"14","2077","854"
Tanzania,Burundi,"237902","3206","108"
Rwanda,Burundi,"67202","2532","108"
DRC,Burundi,"46500","860","108"
Uganda,Burundi,"31152","3031","108"
Zambia,Burundi,"3811","3397","108"
S. Africa,Burundi,"3033","2621","108"
Kenya,Burundi,"2875","1760","108"
Malawi,Burundi,"2467","1897","108"
Canada,Burundi,"2182","527","108"
Mozambique,Burundi,"1031","2035","108"
Liberia,C̫te d'Ivoire,"9466","1820","384"
Italy,C̫te d'Ivoire,"6949","1645","384"
Ghana,C̫te d'Ivoire,"6645","1340","384"
Guinea,C̫te d'Ivoire,"4242","1431","384"
France,C̫te d'Ivoire,"3715","1085","384"
Togo,C̫te d'Ivoire,"1951","2968","384"
USA,C̫te d'Ivoire,"1249","3241","384"
Mali,C̫te d'Ivoire,"550","1931","384"
Angola,C̫te d'Ivoire,"510","23","384"
Germany,C̫te d'Ivoire,"445","1232","384"
France,Cambodia,"11241","1076","116"
Switz.,Cambodia,"316","2842","116"
Thailand,Cambodia,"189","2943","116"
USA,Cambodia,"143","3230","116"
Canada,Cambodia,"72","528","116"
Malaysia,Cambodia,"70","1904","116"
Australia,Cambodia,"32","97","116"
Germany,Cambodia,"29","1223","116"
Netherlands,Cambodia,"17","2079","116"
Belgium,Cambodia,"9","284","116"
Nigeria,Cameroon,"23502","2199","120"
USA,Cameroon,"4089","3231","120"
Italy,Cameroon,"1578","1638","120"
France,Cameroon,"1113","1077","120"
Canada,Cameroon,"1082","529","120"
Germany,Cameroon,"654","1224","120"
UK,Cameroon,"546","3107","120"
Belgium,Cameroon,"494","285","120"
S. Africa,Cameroon,"392","2622","120"
Austria,Cameroon,"228","187","120"
USA,Canada,"42","3232","124"
Germany,Canada,"25","1225","124"
UK,Canada,"9","3108","124"
USA,Cayman Islands,"6","3233","136"
Cameroon,Central African Rep.,"259775","490","140"
DRC,Central African Rep.,"176319","861","140"
Chad,Central African Rep.,"102541","674","140"
Congo,Central African Rep.,"26879","731","140"
Sudan,Central African Rep.,"5054","2713","140"
France,Central African Rep.,"2814","1078","140"
S. Africa,Central African Rep.,"1890","2639","140"
Benin,Central African Rep.,"912","362","140"
Mali,Central African Rep.,"824","1929","140"
Mauritania,Central African Rep.,"560","1968","140"
Sudan,Chad,"4230","2714","148"
CAR,Chad,"1682","662","148"
Cameroon,Chad,"1543","491","148"
France,Chad,"1470","1079","148"
Gabon,Chad,"561","1179","148"
Italy,Chad,"456","1640","148"
Canada,Chad,"432","531","148"
USA,Chad,"328","3235","148"
Angola,Chad,"184","22","148"
Niger,Chad,"165","2187","148"
Germany,Chile,"174","1228","152"
France,Chile,"65","1080","152"
Canada,Chile,"54","532","152"
Belgium,Chile,"43","288","152"
Argentina,Chile,"33","44","152"
USA,Chile,"26","3236","152"
Brazil,Chile,"21","400","152"
Sweden,Chile,"16","2745","152"
Switz.,Chile,"12","2846","152"
Venezuela,Chile,"10","3377","152"
Bolivia,Chile,"9","371","152"
India,China,"108008","1505","156"
USA,China,"75937","3237","156"
Canada,China,"7265","533","156"
France,China,"5099","1081","156"
Switz.,China,"2962","2847","156"
Australia,China,"2411","99","156"
Germany,China,"1591","1229","156"
UK,China,"1491","3111","156"
Belgium,China,"1341","289","156"
Netherlands,China,"1114","2083","156"
Canada,China Hong Kong SAR,"6","534","344"
Venezuela,Colombia,"122741","3378","170"
Ecuador,Colombia,"47934","922","170"
Canada,Colombia,"7766","535","170"
USA,Colombia,"3782","3238","170"
Costa Rica,Colombia,"2349","739","170"
Panama,Colombia,"1678","2293","170"
Brazil,Colombia,"1291","402","170"
Chile,Colombia,"1218","689","170"
Peru,Colombia,"613","2325","170"
Argentina,Colombia,"544","45","170"
France,Comoros,"584","1083","174"
S. Africa,Congo Republic of,"5273","2623","178"
France,Congo Republic of,"3387","1084","178"
USA,Congo Republic of,"1381","3239","178"
DRC,Congo Republic of,"658","862","178"
Netherlands,Congo Republic of,"456","2085","178"
Italy,Congo Republic of,"431","1644","178"
Canada,Congo Republic of,"285","536","178"
Germany,Congo Republic of,"265","1231","178"
Ireland,Congo Republic of,"186","1565","178"
Austria,Congo Republic of,"126","189","178"
USA,Costa Rica,"170","3240","188"
Canada,Costa Rica,"15","537","188"
Argentina,Costa Rica,"5","46","188"
Serbia,Croatia,"19043","2565","191"
Bos. & Herz.,Croatia,"5120","378","191"
Germany,Croatia,"310","1233","191"
Canada,Croatia,"251","539","191"
France,Croatia,"61","1086","191"
USA,Croatia,"33","3242","191"
Switz.,Croatia,"31","2851","191"
Italy,Croatia,"18","1646","191"
Montenegro,Croatia,"11","2014","191"
Brazil,Croatia,"5","405","191"
Spain,Cuba,"891","2658","192"
Canada,Cuba,"803","540","192"
Peru,Cuba,"606","2326","192"
USA,Cuba,"459","3243","192"
Costa Rica,Cuba,"384","740","192"
Argentina,Cuba,"254","48","192"
Czechia,Cuba,"228","829","192"
Ecuador,Cuba,"212","923","192"
Italy,Cuba,"206","1647","192"
Brazil,Cuba,"190","406","192"
Germany,Czechia,"766","1235","203"
Canada,Czechia,"438","541","203"
France,Czechia,"25","1088","203"
NZ,Czechia,"17","2152","203"
USA,Czechia,"17","3244","203"
Switz.,Czechia,"7","2853","203"
Belgium,Czechia,"6","294","203"
Canada,Dem. People's Rep. of Korea,"481","542","408"
UK,Dem. People's Rep. of Korea,"224","3116","408"
Germany,Dem. People's Rep. of Korea,"88","1236","408"
Russia,Dem. People's Rep. of Korea,"70","2511","408"
Netherlands,Dem. People's Rep. of Korea,"47","2088","408"
Belgium,Dem. People's Rep. of Korea,"36","295","408"
Australia,Dem. People's Rep. of Korea,"19","102","408"
Lux.,Dem. People's Rep. of Korea,"12","1872","408"
USA,Dem. People's Rep. of Korea,"10","3245","408"
Denmark,Dem. People's Rep. of Korea,"9","878","408"
Uganda,Dem. Rep. of the Congo,"275075","3035","180"
Rwanda,Dem. Rep. of the Congo,"80813","2534","180"
Burundi,Dem. Rep. of the Congo,"67419","478","180"
Tanzania,Dem. Rep. of the Congo,"57571","3207","180"
Zambia,Dem. Rep. of the Congo,"38712","3399","180"
Angola,Dem. Rep. of the Congo,"35322","24","180"
S. Africa,Dem. Rep. of the Congo,"26263","2625","180"
Kenya,Dem. Rep. of the Congo,"19567","1762","180"
France,Dem. Rep. of the Congo,"16004","1089","180"
S. Africa,Dem. Rep. of the Congo,"15296","2640","180"
Canada,Djibouti,"947","544","262"
Belgium,Djibouti,"358","297","262"
USA,Djibouti,"283","3247","262"
France,Djibouti,"278","1090","262"
Ethiopia,Djibouti,"78","996","262"
Germany,Djibouti,"30","1238","262"
Sweden,Djibouti,"23","2753","262"
Switz.,Djibouti,"14","2855","262"
UK,Dominica,"11","3118","212"
USA,Dominica,"10","3248","212"
Canada,Dominica,"6","545","212"
USA,Dominican Rep.,"185","3249","214"
Canada,Dominican Rep.,"124","546","214"
France,Dominican Rep.,"53","1091","214"
Italy,Dominican Rep.,"18","1649","214"
Peru,Dominican Rep.,"13","2328","214"
Mexico,Dominican Rep.,"9","1991","214"
Germany,Dominican Rep.,"8","1239","214"
Greece,Dominican Rep.,"8","1373","214"
Brazil,Dominican Rep.,"5","408","214"
USA,Ecuador,"1037","3250","218"
Brazil,Ecuador,"57","409","218"
Canada,Ecuador,"57","547","218"
Italy,Ecuador,"31","1650","218"
France,Ecuador,"25","1092","218"
Chile,Ecuador,"23","693","218"
Argentina,Ecuador,"17","50","218"
UK,Ecuador,"12","3119","218"
Germany,Ecuador,"11","1240","218"
Colombia,Ecuador,"9","718","218"
USA,Egypt,"12548","3251","818"
Italy,Egypt,"2186","1651","818"
Germany,Egypt,"2000","1241","818"
Australia,Egypt,"1562","104","818"
Canada,Egypt,"1462","548","818"
France,Egypt,"909","1093","818"
UK,Egypt,"666","3120","818"
Sweden,Egypt,"352","2755","818"
Netherlands,Egypt,"231","2091","818"
Greece,Egypt,"219","1374","818"
USA,El Salvador,"20675","3252","222"
Mexico,El Salvador,"3357","1992","222"
Canada,El Salvador,"1450","549","222"
Italy,El Salvador,"1099","1652","222"
Costa Rica,El Salvador,"725","741","222"
Panama,El Salvador,"317","2296","222"
Nicaragua,El Salvador,"217","2183","222"
Belgium,El Salvador,"216","299","222"
Guatemala,El Salvador,"216","1425","222"
Sweden,El Salvador,"90","2756","222"
France,Equatorial Guinea,"32","1095","226"
Spain,Equatorial Guinea,"27","2662","226"
Germany,Equatorial Guinea,"23","1243","226"
Canada,Equatorial Guinea,"14","550","226"
Italy,Equatorial Guinea,"14","1653","226"
USA,Equatorial Guinea,"9","3253","226"
Ethiopia,Eritrea,"169895","997","232"
Sudan,Eritrea,"112296","2717","232"
Germany,Eritrea,"53149","1244","232"
Switz.,Eritrea,"32706","2859","232"
Sweden,Eritrea,"27241","2757","232"
Israel,Eritrea,"15303","1617","232"
Norway,Eritrea,"15300","2234","232"
Netherlands,Eritrea,"14903","2092","232"
UK,Eritrea,"13226","3122","232"
Italy,Eritrea,"7283","1654","232"
USA,Estonia,"265","3255","233"
France,Estonia,"7","1097","233"
Canada,Estonia,"5","552","233"
Canada,eSwatini,"143","553","748"
UK,eSwatini,"57","3123","748"
Ireland,eSwatini,"15","1571","748"
Italy,eSwatini,"9","1655","748"
S. Africa,Ethiopia,"17726","2627","231"
Kenya,Ethiopia,"17261","1764","231"
USA,Ethiopia,"9797","3256","231"
Yemen,Ethiopia,"6297","3389","231"
Sudan,Ethiopia,"5761","2718","231"
Germany,Ethiopia,"4574","1245","231"
S. Africa,Ethiopia,"4121","2642","231"
Somalia,Ethiopia,"3703","2614","231"
Egypt,Ethiopia,"3525","953","231"
Sweden,Ethiopia,"2100","2758","231"
Australia,Fiji,"402","108","242"
USA,Fiji,"207","3257","242"
Canada,Fiji,"58","555","242"
NZ,Fiji,"29","2156","242"
UK,Fiji,"8","3125","242"
USA,France,"24","3258","250"
Germany,France,"16","1246","250"
Canada,France,"10","556","250"
France,Gabon,"140","1099","266"
USA,Gabon,"43","3259","266"
Canada,Gabon,"37","557","266"
Italy,Gabon,"34","1657","266"
Belgium,Gabon,"20","302","266"
Germany,Gabon,"9","1247","266"
Italy,Gambia,"11840","1658","270"
USA,Gambia,"1527","3260","270"
UK,Gambia,"1299","3126","270"
Germany,Gambia,"773","1248","270"
France,Gambia,"263","1100","270"
Sweden,Gambia,"153","2759","270"
Austria,Gambia,"136","196","270"
Canada,Gambia,"87","558","270"
Switz.,Gambia,"49","2861","270"
Senegal,Gambia,"47","2557","270"
France,Georgia,"3112","1101","268"
Germany,Georgia,"585","1249","268"
Austria,Georgia,"511","197","268"
Italy,Georgia,"413","1659","268"
USA,Georgia,"392","3261","268"
Canada,Georgia,"317","559","268"
Greece,Georgia,"266","1379","268"
Russia,Georgia,"179","2514","268"
Switz.,Georgia,"147","2862","268"
Sweden,Georgia,"129","2760","268"
USA,Germany,"41","3262","276"
Russia,Germany,"11","2515","276"
Australia,Germany,"5","111","276"
Togo,Ghana,"9727","2970","288"
Italy,Ghana,"5470","1660","288"
Germany,Ghana,"532","1250","288"
France,Ghana,"512","1102","288"
USA,Ghana,"415","3263","288"
Canada,Ghana,"329","560","288"
UK,Ghana,"291","3128","288"
Sweden,Ghana,"58","2761","288"
Finland,Ghana,"52","1026","288"
Greece,Ghana,"49","1380","288"
Germany,Greece,"48","1251","300"
Sweden,Greece,"18","2762","300"
USA,Greece,"15","3264","300"
Canada,Greece,"14","561","300"
Australia,Greece,"6","113","300"
Canada,Grenada,"60","562","308"
USA,Grenada,"23","3265","308"
UK,Grenada,"18","3129","308"
USA,Guatemala,"16562","3266","320"
Mexico,Guatemala,"637","1996","320"
Canada,Guatemala,"545","563","320"
Costa Rica,Guatemala,"27","742","320"
Belgium,Guatemala,"26","306","320"
France,Guatemala,"14","1103","320"
Panama,Guatemala,"12","2297","320"
Spain,Guatemala,"12","2667","320"
Nicaragua,Guatemala,"10","2184","320"
Sweden,Guatemala,"9","2763","320"
France,Guinea,"8460","1104","324"
Italy,Guinea,"4182","1662","324"
Belgium,Guinea,"3606","307","324"
USA,Guinea,"2234","3267","324"
Germany,Guinea,"2116","1252","324"
Netherlands,Guinea,"668","2097","324"
Canada,Guinea,"448","564","324"
UK,Guinea,"258","3131","324"
Switz.,Guinea,"163","2865","324"
Austria,Guinea,"140","200","324"
France,Guinea-Bissau,"893","1105","624"
Italy,Guinea-Bissau,"809","1663","624"
Germany,Guinea-Bissau,"90","1253","624"
Switz.,Guinea-Bissau,"59","2866","624"
USA,Guinea-Bissau,"23","3268","624"
Brazil,Guinea-Bissau,"21","418","624"
Gambia,Guinea-Bissau,"13","1188","624"
Portugal,Guinea-Bissau,"11","2416","624"
Belgium,Guinea-Bissau,"10","308","624"
Canada,Guinea-Bissau,"9","565","624"
Canada,Guyana,"142","566","328"
USA,Guyana,"85","3269","328"
UK,Guyana,"19","3133","328"
France,Guyana,"17","1106","328"
USA,Haiti,"16624","3270","332"
Canada,Haiti,"6918","567","332"
France,Haiti,"3507","1107","332"
Dominican Rep.,Haiti,"564","917","332"
Mexico,Haiti,"179","1997","332"
Argentina,Haiti,"66","55","332"
Peru,Haiti,"52","2330","332"
Ecuador,Haiti,"21","927","332"
Panama,Haiti,"19","2298","332"
Spain,Haiti,"19","2669","332"
USA,Honduras,"11549","3271","340"
Mexico,Honduras,"2949","1998","340"
Canada,Honduras,"964","568","340"
Costa Rica,Honduras,"157","744","340"
Italy,Honduras,"76","1665","340"
Nicaragua,Honduras,"74","2185","340"
Germany,Honduras,"54","1255","340"
Guatemala,Honduras,"39","1426","340"
Spain,Honduras,"36","2670","340"
UK,Honduras,"34","3134","340"
Canada,Hungary,"3334","569","348"
Germany,Hungary,"256","1256","348"
France,Hungary,"64","1109","348"
Belgium,Hungary,"43","310","348"
USA,Hungary,"18","3272","348"
NZ,Hungary,"8","2157","348"
Colombia,Hungary,"7","721","348"
Peru,Hungary,"6","2331","348"
Switz.,Hungary,"6","2867","348"
USA,India,"5326","3273","356"
Canada,India,"1386","570","356"
Australia,India,"393","115","356"
Germany,India,"367","1257","356"
UK,India,"355","3135","356"
Italy,India,"266","1666","356"
France,India,"218","1110","356"
Austria,India,"59","201","356"
Switz.,India,"37","2868","356"
Greece,India,"27","1383","356"
PNG,Indonesia,"9368","2305","360"
USA,Indonesia,"1605","3274","360"
Malaysia,Indonesia,"908","1908","360"
Australia,Indonesia,"242","116","360"
Canada,Indonesia,"124","571","360"
UK,Indonesia,"22","3136","360"
Greece,Indonesia,"15","1384","360"
Sweden,Indonesia,"15","2768","360"
Germany,Indonesia,"11","1258","360"
France,Indonesia,"7","1111","360"
Germany,Iran (Islamic Rep. of),"39997","1259","364"
UK,Iran (Islamic Rep. of),"16220","3137","364"
Australia,Iran (Islamic Rep. of),"9500","117","364"
Turkey,Iran (Islamic Rep. of),"8764","3004","364"
Iraq,Iran (Islamic Rep. of),"7152","1544","364"
Sweden,Iran (Islamic Rep. of),"6253","2769","364"
USA,Iran (Islamic Rep. of),"5506","3275","364"
Austria,Iran (Islamic Rep. of),"5135","202","364"
Netherlands,Iran (Islamic Rep. of),"4857","2100","364"
Denmark,Iran (Islamic Rep. of),"3181","884","364"
Germany,Iraq,"133968","1260","368"
Turkey,Iraq,"38711","3005","368"
Jordan,Iraq,"34362","1743","368"
Iran,Iraq,"28268","1539","368"
Syria,Iraq,"15410","2927","368"
Sweden,Iraq,"14214","2770","368"
Netherlands,Iraq,"10301","2101","368"
Greece,Iraq,"9354","1386","368"
Finland,Iraq,"8148","1031","368"
Austria,Iraq,"7915","203","368"
Canada,Israel,"209","574","376"
USA,Israel,"145","3277","376"
Germany,Israel,"40","1261","376"
Sweden,Israel,"31","2771","376"
Australia,Israel,"14","119","376"
Austria,Israel,"11","204","376"
Norway,Israel,"11","2243","376"
UK,Israel,"8","3139","376"
France,Israel,"7","1114","376"
Italy,Israel,"7","1669","376"
Germany,Italy,"23","1262","380"
USA,Italy,"23","3278","380"
Australia,Italy,"5","120","380"
Canada,Jamaica,"920","575","388"
USA,Jamaica,"774","3279","388"
UK,Jamaica,"362","3140","388"
Netherlands,Jamaica,"182","2102","388"
Germany,Jamaica,"64","1263","388"
Trin. & Tob.,Jamaica,"25","2978","388"
France,Jamaica,"15","1115","388"
Suriname,Jamaica,"5","2726","388"
Germany,Japan,"26","1264","392"
Australia,Japan,"10","121","392"
USA,Japan,"6","3280","392"
USA,Jordan,"479","3281","400"
Canada,Jordan,"430","576","400"
Germany,Jordan,"356","1265","400"
Sweden,Jordan,"319","2772","400"
Australia,Jordan,"145","122","400"
Austria,Jordan,"68","205","400"
Switz.,Jordan,"65","2871","400"
UK,Jordan,"59","3141","400"
Cyprus,Jordan,"38","802","400"
Turkey,Jordan,"38","3006","400"
USA,Kazakhstan,"759","3282","398"
France,Kazakhstan,"568","1117","398"
Sweden,Kazakhstan,"260","2773","398"
Czechia,Kazakhstan,"234","838","398"
Canada,Kazakhstan,"156","577","398"
Austria,Kazakhstan,"100","206","398"
Germany,Kazakhstan,"96","1266","398"
Belgium,Kazakhstan,"55","315","398"
Poland,Kazakhstan,"53","2381","398"
Netherlands,Kazakhstan,"41","2104","398"
Ethiopia,Kenya,"3459","999","404"
USA,Kenya,"2021","3283","404"
Canada,Kenya,"469","578","404"
UK,Kenya,"278","3143","404"
Uganda,Kenya,"191","3038","404"
Germany,Kenya,"177","1267","404"
S. Africa,Kenya,"157","2628","404"
Italy,Kenya,"129","1672","404"
Australia,Kenya,"111","124","404"
France,Kenya,"110","1118","404"
UK,Kuwait,"521","3144","414"
USA,Kuwait,"137","3284","414"
France,Kuwait,"95","1119","414"
Canada,Kuwait,"86","579","414"
Greece,Kuwait,"65","1389","414"
Australia,Kuwait,"54","125","414"
Ireland,Kuwait,"46","1581","414"
Germany,Kuwait,"28","1268","414"
Sweden,Kuwait,"23","2775","414"
Indonesia,Kuwait,"11","1527","414"
USA,Kyrgyzstan,"1335","3285","417"
France,Kyrgyzstan,"307","1120","417"
Austria,Kyrgyzstan,"227","208","417"
Turkey,Kyrgyzstan,"178","3007","417"
Sweden,Kyrgyzstan,"176","2776","417"
Germany,Kyrgyzstan,"166","1269","417"
Belgium,Kyrgyzstan,"78","318","417"
Canada,Kyrgyzstan,"67","580","417"
Poland,Kyrgyzstan,"47","2383","417"
Italy,Kyrgyzstan,"46","1673","417"
France,Lao People's Dem. Rep.,"6652","1121","418"
Switz.,Lao People's Dem. Rep.,"127","2875","418"
USA,Lao People's Dem. Rep.,"102","3286","418"
Germany,Lao People's Dem. Rep.,"43","1270","418"
Netherlands,Lao People's Dem. Rep.,"33","2108","418"
Belgium,Lao People's Dem. Rep.,"12","319","418"
Canada,Lao People's Dem. Rep.,"5","581","418"
Canada,Latvia,"78","582","428"
France,Latvia,"33","1122","428"
USA,Latvia,"19","3287","428"
Germany,Latvia,"8","1271","428"
Sweden,Latvia,"5","2777","428"
Uruguay,Latvia,"5","3368","428"
Germany,Lebanon,"1492","1272","422"
Canada,Lebanon,"938","583","422"
Australia,Lebanon,"551","127","422"
Sweden,Lebanon,"528","2778","422"
Brazil,Lebanon,"407","423","422"
USA,Lebanon,"383","3288","422"
Italy,Lebanon,"319","1674","422"
UK,Lebanon,"160","3146","422"
France,Lebanon,"137","1123","422"
Belgium,Lebanon,"120","320","422"
USA,Lesotho,"6","3289","426"
USA,Liberia,"1216","3290","430"
Cote d'Ivoire,Liberia,"899","759","430"
Ghana,Liberia,"735","1346","430"
Sierra Leone,Liberia,"660","2575","430"
Italy,Liberia,"342","1675","430"
Guinea,Liberia,"306","1433","430"
Brazil,Liberia,"259","424","430"
France,Liberia,"234","1124","430"
Angola,Liberia,"155","27","430"
Canada,Liberia,"92","584","430"
Malta,Libya,"2579","1951","434"
UK,Libya,"2505","3148","434"
Germany,Libya,"1542","1274","434"
Canada,Libya,"1220","585","434"
Australia,Libya,"1029","129","434"
Italy,Libya,"995","1676","434"
France,Libya,"622","1125","434"
Sweden,Libya,"400","2780","434"
USA,Libya,"319","3291","434"
Switz.,Libya,"303","2878","434"
Canada,Lithuania,"21","586","440"
USA,Lithuania,"20","3292","440"
France,Lithuania,"9","1126","440"
Belgium,Lithuania,"5","323","440"
France,Madagascar,"219","1127","450"
Canada,Madagascar,"18","587","450"
Italy,Madagascar,"18","1677","450"
USA,Madagascar,"15","3293","450"
Switz.,Madagascar,"5","2879","450"
UK,Malawi,"323","3149","454"
Ireland,Malawi,"51","1585","454"
USA,Malawi,"34","3294","454"
Canada,Malawi,"16","588","454"
Australia,Malaysia,"326","130","458"
UK,Malaysia,"146","3150","458"
USA,Malaysia,"97","3295","458"
Canada,Malaysia,"30","589","458"
Germany,Malaysia,"11","1275","458"
France,Malaysia,"10","1128","458"
Sweden,Malaysia,"8","2781","458"
Netherlands,Malaysia,"7","2112","458"
NZ,Malaysia,"5","2165","458"
UK,Maldives,"37","3151","462"
Australia,Maldives,"10","131","462"
Sri Lanka,Maldives,"7","2704","462"
USA,Maldives,"6","3296","462"
Niger,Mali,"58035","2192","466"
Mauritania,Mali,"56494","1975","466"
Burk. Faso,Mali,"24392","474","466"
Italy,Mali,"14309","1678","466"
France,Mali,"4559","1129","466"
USA,Mali,"1200","3297","466"
Germany,Mali,"249","1276","466"
Canada,Mali,"153","590","466"
Nigeria,Mali,"137","2209","466"
Belgium,Mali,"100","324","466"
USA,Marshall Islands,"7","3298","584"
Mali,Mauritania,"15318","1933","478"
Senegal,Mauritania,"13779","2560","478"
France,Mauritania,"5367","1130","478"
USA,Mauritania,"974","3299","478"
Italy,Mauritania,"346","1679","478"
Angola,Mauritania,"306","28","478"
Belgium,Mauritania,"257","325","478"
Canada,Mauritania,"162","591","478"
Greece,Mauritania,"50","1393","478"
Germany,Mauritania,"35","1277","478"
UK,Mauritius,"44","3154","480"
USA,Mauritius,"34","3300","480"
France,Mauritius,"20","1131","480"
Italy,Mauritius,"17","1680","480"
Canada,Mauritius,"8","592","480"
Australia,Mauritius,"7","132","480"
Ireland,Mauritius,"7","1587","480"
USA,Mexico,"8553","3301","484"
Canada,Mexico,"3627","593","484"
France,Mexico,"24","1132","484"
Spain,Mexico,"20","2681","484"
Germany,Mexico,"19","1278","484"
UK,Mexico,"12","3155","484"
Australia,Mexico,"10","133","484"
Brazil,Mexico,"6","427","484"
Costa Rica,Mexico,"6","746","484"
Trin. & Tob.,Mexico,"6","2979","484"
USA,Mongolia,"766","3302","496"
France,Mongolia,"427","1133","496"
Sweden,Mongolia,"309","2784","496"
Austria,Mongolia,"160","213","496"
Canada,Mongolia,"157","594","496"
Switz.,Mongolia,"124","2882","496"
Germany,Mongolia,"118","1279","496"
UK,Mongolia,"75","3156","496"
Netherlands,Mongolia,"39","2115","496"
Australia,Mongolia,"25","134","496"
Germany,Montenegro,"283","1280","499"
USA,Montenegro,"117","3303","499"
France,Montenegro,"89","1134","499"
Italy,Montenegro,"83","1682","499"
Switz.,Montenegro,"50","2883","499"
Sweden,Montenegro,"35","2785","499"
Canada,Montenegro,"21","595","499"
Lux.,Montenegro,"18","1883","499"
Belgium,Montenegro,"10","326","499"
Austria,Montenegro,"8","214","499"
Italy,Morocco,"946","1683","504"
Germany,Morocco,"675","1281","504"
France,Morocco,"539","1135","504"
Sweden,Morocco,"237","2786","504"
UK,Morocco,"173","3157","504"
Canada,Morocco,"152","596","504"
Spain,Morocco,"145","2682","504"
Greece,Morocco,"132","1394","504"
Belgium,Morocco,"123","327","504"
USA,Morocco,"114","3304","504"
France,Mozambique,"11","1136","508"
Germany,Mozambique,"11","1282","508"
Kenya,Mozambique,"7","1765","508"
Ireland,Mozambique,"6","1590","508"
UK,Mozambique,"5","3158","508"
Bangladesh,Myanmar,"943228","257","104"
Malaysia,Myanmar,"106385","1914","104"
Thailand,Myanmar,"97444","2952","104"
India,Myanmar,"18648","1512","104"
USA,Myanmar,"1571","3305","104"
Japan,Myanmar,"1255","1730","104"
Germany,Myanmar,"860","1283","104"
UK,Myanmar,"772","3159","104"
Indonesia,Myanmar,"753","1529","104"
Netherlands,Myanmar,"650","2117","104"
Botswana,Namibia,"896","385","516"
Canada,Namibia,"369","598","516"
USA,Namibia,"45","3306","516"
UK,Namibia,"36","3160","516"
USA,Nepal,"6947","3307","524"
Canada,Nepal,"594","599","524"
Netherlands,Nepal,"267","2118","524"
Australia,Nepal,"171","137","524"
France,Nepal,"130","1138","524"
Italy,Nepal,"107","1685","524"
Germany,Nepal,"51","1284","524"
Austria,Nepal,"38","217","524"
UK,Nepal,"29","3161","524"
Switz.,Nepal,"20","2886","524"
Germany,Netherlands,"23","1285","528"
USA,Netherlands,"12","3308","528"
Australia,New Zealand,"26","138","554"
Germany,New Zealand,"8","1286","554"
USA,Nicaragua,"584","3309","558"
Costa Rica,Nicaragua,"461","747","558"
Panama,Nicaragua,"173","2299","558"
Guatemala,Nicaragua,"100","1427","558"
Canada,Nicaragua,"82","600","558"
Mexico,Nicaragua,"29","2002","558"
Colombia,Nicaragua,"14","723","558"
Italy,Nicaragua,"14","1686","558"
Spain,Nicaragua,"12","2684","558"
Sweden,Nicaragua,"9","2789","558"
Chad,Niger,"594","680","562"
Italy,Niger,"510","1687","562"
USA,Niger,"143","3310","562"
Belgium,Niger,"119","330","562"
France,Niger,"74","1139","562"
Canada,Niger,"58","601","562"
Germany,Niger,"53","1287","562"
Switz.,Niger,"12","2887","562"
Austria,Niger,"9","218","562"
Netherlands,Niger,"6","2119","562"
Niger,Nigeria,"118851","2193","566"
Cameroon,Nigeria,"97086","498","566"
Italy,Nigeria,"20660","1688","566"
Chad,Nigeria,"10294","681","566"
Germany,Nigeria,"5591","1288","566"
Canada,Nigeria,"5088","602","566"
UK,Nigeria,"2355","3163","566"
France,Nigeria,"2252","1140","566"
USA,Nigeria,"1354","3311","566"
Sweden,Nigeria,"516","2790","566"
USA,Niue,"19","3312","570"
UK,Oman,"11","3164","512"
Germany,Oman,"9","1289","512"
Canada,Oman,"8","603","512"
Afghanistan,Pakistan,"78351","1","586"
Italy,Pakistan,"17247","1689","586"
UK,Pakistan,"7277","3165","586"
Germany,Pakistan,"7121","1290","586"
Canada,Pakistan,"5356","604","586"
Australia,Pakistan,"4819","140","586"
USA,Pakistan,"3501","3313","586"
Thailand,Pakistan,"2053","2954","586"
France,Pakistan,"1487","1141","586"
Malaysia,Pakistan,"1292","1916","586"
Egypt,Palestinian,"70020","958","275"
Iraq,Palestinian,"7947","1546","275"
Libya,Palestinian,"5303","1832","275"
Algeria,Palestinian,"4013","15","275"
Cyprus,Palestinian,"1978","806","275"
Turkey,Palestinian,"1222","3014","275"
Italy,Palestinian,"1021","1690","275"
Sweden,Palestinian,"1010","2792","275"
Canada,Palestinian,"979","605","275"
Spain,Palestinian,"949","2687","275"
Canada,Panama,"19","606","591"
USA,Panama,"15","3314","591"
Australia,Papua New Guinea,"421","142","598"
USA,Paraguay,"21","3315","600"
Canada,Paraguay,"18","607","600"
Argentina,Paraguay,"8","65","600"
Brazil,Paraguay,"8","433","600"
France,Paraguay,"6","1143","600"
Argentina,Peru,"546","66","604"
Bolivia,Peru,"515","375","604"
USA,Peru,"510","3316","604"
France,Peru,"303","1144","604"
Canada,Peru,"236","608","604"
Chile,Peru,"113","696","604"
Ecuador,Peru,"81","933","604"
Italy,Peru,"79","1691","604"
Brazil,Peru,"45","434","604"
Germany,Peru,"39","1291","604"
USA,Philippines,"160","3317","608"
Canada,Philippines,"95","609","608"
Italy,Philippines,"54","1692","608"
Australia,Philippines,"47","144","608"
Germany,Philippines,"26","1292","608"
UK,Philippines,"24","3167","608"
Malaysia,Philippines,"18","1918","608"
Cyprus,Philippines,"12","807","608"
Austria,Philippines,"11","221","608"
Greece,Philippines,"7","1400","608"
Germany,Poland,"658","1293","616"
France,Poland,"139","1145","616"
Belgium,Poland,"130","334","616"
Canada,Poland,"126","610","616"
USA,Poland,"19","3318","616"
Germany,Portugal,"6","1294","620"
USA,Qatar,"13","3319","634"
Canada,Qatar,"12","611","634"
UK,Qatar,"6","3168","634"
Canada,Rep. of Korea,"101","612","410"
Australia,Rep. of Korea,"43","145","410"
Germany,Rep. of Korea,"43","1295","410"
USA,Rep. of Korea,"32","3320","410"
Sweden,Rep. of Korea,"7","2795","410"
UK,Rep. of Korea,"7","3169","410"
USA,Rep. of Moldova,"1449","3321","498"
France,Rep. of Moldova,"320","1146","498"
Canada,Rep. of Moldova,"125","613","498"
Ireland,Rep. of Moldova,"105","1595","498"
Italy,Rep. of Moldova,"100","1693","498"
Germany,Rep. of Moldova,"93","1296","498"
Austria,Rep. of Moldova,"58","222","498"
Russia,Rep. of Moldova,"28","2522","498"
Czechia,Rep. of Moldova,"25","844","498"
Cyprus,Rep. of Moldova,"18","808","498"
USA,Romania,"388","3322","642"
Canada,Romania,"198","614","642"
Germany,Romania,"156","1297","642"
France,Romania,"148","1147","642"
Czechia,Romania,"81","845","642"
Sweden,Romania,"61","2797","642"
Argentina,Romania,"51","67","642"
Slovakia,Romania,"37","2591","642"
Belgium,Romania,"36","336","642"
Switz.,Romania,"20","2893","642"
France,Russian Federation,"15721","1148","643"
Austria,Russian Federation,"10568","224","643"
Poland,Russian Federation,"9902","2390","643"
Germany,Russian Federation,"7665","1298","643"
USA,Russian Federation,"5618","3323","643"
Belgium,Russian Federation,"2857","337","643"
Sweden,Russian Federation,"1597","2798","643"
Denmark,Russian Federation,"976","896","643"
Canada,Russian Federation,"912","615","643"
Norway,Russian Federation,"879","2258","643"
DRC,Rwanda,"218480","864","646"
Uganda,Rwanda,"13773","3041","646"
France,Rwanda,"2845","1149","646"
Malawi,Rwanda,"1996","1900","646"
S. Africa,Rwanda,"1297","2631","646"
USA,Rwanda,"1102","3324","646"
Canada,Rwanda,"974","616","646"
Congo,Rwanda,"949","736","646"
Belgium,Rwanda,"886","338","646"
Cameroon,Rwanda,"859","499","646"
Canada,Saint Kitts and Nevis,"45","617",
UK,Saint Kitts and Nevis,"8","3173","659"
Canada,Saint Lucia,"980","618",
UK,Saint Lucia,"20","3174","659"
USA,Saint Lucia,"9","3325",
Canada,Saint Vincent and the Grenadines,"1223","619","670"
USA,Saint Vincent and the Grenadines,"31","3326","670"
UK,Saint Vincent and the Grenadines,"19","3175","670"
Gabon,Sao Tome and Principe,"26","1183","678"
USA,Saudi Arabia,"440","3327","682"
Canada,Saudi Arabia,"355","620","682"
UK,Saudi Arabia,"147","3176","682"
Germany,Saudi Arabia,"125","1300","682"
Australia,Saudi Arabia,"94","149","682"
NZ,Saudi Arabia,"59","2171","682"
Sweden,Saudi Arabia,"48","2800","682"
Netherlands,Saudi Arabia,"13","2126","682"
France,Saudi Arabia,"12","1150","682"
Syria,Saudi Arabia,"11","2934","682"
Guinea-Bissau,Senegal,"10000","1447","686"
Gambia,Senegal,"8017","1190","686"
Italy,Senegal,"7152","1697","686"
France,Senegal,"1213","1151","686"
Belgium,Senegal,"443","340","686"
USA,Senegal,"399","3328","686"
Canada,Senegal,"243","621","686"
Germany,Senegal,"160","1301","686"
UK,Senegal,"91","3177","686"
Morocco,Senegal,"69","2030","686"
France,Serbia and Kosovo: S/RES/1244 (1999),"13483","1152","688"
Germany,Serbia and Kosovo: S/RES/1244 (1999),"9173","1302","688"
Switz.,Serbia and Kosovo: S/RES/1244 (1999),"2687","2897","688"
Sweden,Serbia and Kosovo: S/RES/1244 (1999),"1281","2802","688"
Italy,Serbia and Kosovo: S/RES/1244 (1999),"1167","1698","688"
Austria,Serbia and Kosovo: S/RES/1244 (1999),"1068","227","688"
USA,Serbia and Kosovo: S/RES/1244 (1999),"976","3329","688"
Montenegro,Serbia and Kosovo: S/RES/1244 (1999),"770","2016","688"
Macedonia,Serbia and Kosovo: S/RES/1244 (1999),"394","2963","688"
Canada,Serbia and Kosovo: S/RES/1244 (1999),"299","622","688"
Canada,Seychelles,"5","623","690"
Germany,Sierra Leone,"682","1303","694"
Italy,Sierra Leone,"652","1699","694"
France,Sierra Leone,"549","1153","694"
USA,Sierra Leone,"513","3330","694"
Netherlands,Sierra Leone,"477","2129","694"
Angola,Sierra Leone,"374","30","694"
UK,Sierra Leone,"305","3179","694"
Guinea,Sierra Leone,"216","1437","694"
Brazil,Sierra Leone,"158","439","694"
Gambia,Sierra Leone,"122","1191","694"
Canada,Singapore,"15","625","702"
USA,Singapore,"14","3331","702"
Germany,Singapore,"7","1304","702"
Australia,Singapore,"6","151","702"
Canada,Slovakia,"871","626","703"
France,Slovakia,"116","1154","703"
Germany,Slovakia,"86","1305","703"
USA,Slovakia,"9","3332","703"
Sweden,Slovakia,"6","2804","703"
Germany,Slovenia,"7","1306","705"
USA,Slovenia,"6","3333","705"
Canada,Slovenia,"5","627","705"
Australia,Solomon Islands,"21","152","090"
Canada,Solomon Islands,"17","628","090"
Germany,Solomon Islands,"7","1307","090"
Ethiopia,Somalia,"256378","1001","706"
Yemen,Somalia,"256363","3393","706"
Kenya,Somalia,"251430","1769","706"
S. Africa,Somalia,"27113","2632","706"
Germany,Somalia,"22031","1308","706"
Sweden,Somalia,"21541","2805","706"
Uganda,Somalia,"18678","3043","706"
Netherlands,Somalia,"14735","2130","706"
Italy,Somalia,"14547","1700","706"
Djibouti,Somalia,"12084","912","706"
UK,South Africa,"165","3181","710"
Canada,South Africa,"66","630","710"
Ireland,South Africa,"51","1602","710"
USA,South Africa,"41","3335","710"
France,South Africa,"36","1156","710"
Australia,South Africa,"35","154","710"
Germany,South Africa,"17","1309","710"
Switz.,South Africa,"14","2900","710"
NZ,South Africa,"10","2173","710"
Italy,South Africa,"8","1701","710"
Uganda,South Sudan,"784531","3044","728"
Sudan,South Sudan,"768125","2722","728"
Ethiopia,South Sudan,"444982","1002","728"
Kenya,South Sudan,"114389","1770","728"
DRC,South Sudan,"93087","866","728"
Egypt,South Sudan,"6275","961","728"
CAR,South Sudan,"2523","669","728"
Israel,South Sudan,"126","1621","728"
Syria,South Sudan,"106","2937","728"
Germany,South Sudan,"72","1310","728"
Germany,Spain,"17","1311","724"
USA,Spain,"13","3337","724"
Canada,Spain,"6","632","724"
India,Sri Lanka,"61313","1516","144"
France,Sri Lanka,"23941","1158","144"
Switz.,Sri Lanka,"5672","2902","144"
UK,Sri Lanka,"5606","3183","144"
Australia,Sri Lanka,"4673","156","144"
Canada,Sri Lanka,"3933","633","144"
Germany,Sri Lanka,"3817","1312","144"
USA,Sri Lanka,"1262","3338","144"
Malaysia,Sri Lanka,"956","1920","144"
Netherlands,Sri Lanka,"662","2131","144"
Chad,Sudan,"331839","685","729"
S. Africa,Sudan,"275752","2643","729"
Ethiopia,Sudan,"43758","1003","729"
Egypt,Sudan,"18589","962","729"
France,Sudan,"12762","1159","729"
UK,Sudan,"8290","3184","729"
Kenya,Sudan,"3084","1772","729"
Uganda,Sudan,"2749","3045","729"
Jordan,Sudan,"2670","1751","729"
Germany,Sudan,"2252","1313","729"
USA,Suriname,"12","3340","740"
Canada,Suriname,"7","635","740"
Germany,Sweden,"9","1314","752"
USA,Sweden,"8","3341","752"
Turkey,Syrian Arab Rep.,"3562523","3021","760"
Lebanon,Syrian Arab Rep.,"968083","1811","760"
Jordan,Syrian Arab Rep.,"667186","1752","760"
Germany,Syrian Arab Rep.,"513976","1315","760"
Iraq,Syrian Arab Rep.,"251157","1548","760"
Egypt,Syrian Arab Rep.,"129737","963","760"
Sweden,Syrian Arab Rep.,"104897","2809","760"
Austria,Syrian Arab Rep.,"46833","233","760"
Netherlands,Syrian Arab Rep.,"31459","2133","760"
Greece,Syrian Arab Rep.,"21835","1412","760"
Germany,Tajikistan,"607","1316","762"
USA,Tajikistan,"296","3343","762"
Austria,Tajikistan,"206","234","762"
Poland,Tajikistan,"69","2395","762"
Sweden,Tajikistan,"58","2810","762"
Canada,Tajikistan,"49","637","762"
France,Tajikistan,"48","1161","762"
Lithuania,Tajikistan,"45","1858","762"
Netherlands,Tajikistan,"34","2134","762"
Russia,Tajikistan,"26","2525","762"
USA,Thailand,"34","3344","764"
UK,Thailand,"29","3187","764"
Malaysia,Thailand,"27","1923","764"
Germany,Thailand,"25","1317","764"
Australia,Thailand,"16","159","764"
Canada,Thailand,"16","638","764"
Sweden,Thailand,"7","2811","764"
France,Thailand,"6","1162","764"
Germany,The former Yugoslav Republic of Macedonia,"660","1318","807"
France,The former Yugoslav Republic of Macedonia,"346","1163","807"
Switz.,The former Yugoslav Republic of Macedonia,"177","2906","807"
Belgium,The former Yugoslav Republic of Macedonia,"147","348","807"
USA,The former Yugoslav Republic of Macedonia,"118","3345","807"
Italy,The former Yugoslav Republic of Macedonia,"68","1707","807"
Austria,The former Yugoslav Republic of Macedonia,"67","235","807"
Sweden,The former Yugoslav Republic of Macedonia,"53","2812","807"
Canada,The former Yugoslav Republic of Macedonia,"48","639","807"
UK,The former Yugoslav Republic of Macedonia,"21","3188","807"
Australia,Timor-Leste,"8","160","626"
Ghana,Togo,"3430","1356","768"
Germany,Togo,"1082","1319","768"
Italy,Togo,"960","1708","768"
France,Togo,"730","1164","768"
Switz.,Togo,"653","2907","768"
USA,Togo,"591","3346","768"
Belgium,Togo,"197","349","768"
Canada,Togo,"118","640","768"
Ireland,Togo,"37","1607","768"
Brazil,Togo,"36","446","768"
Australia,Tonga,"33","161","776"
Canada,Trinidad and Tobago,"124","641","780"
UK,Trinidad and Tobago,"71","3190","780"
Netherlands,Trinidad and Tobago,"63","2136","780"
USA,Trinidad and Tobago,"54","3347","780"
Italy,Tunisia,"640","1709","788"
France,Tunisia,"309","1165","788"
Switz.,Tunisia,"261","2908","788"
Canada,Tunisia,"187","642","788"
Germany,Tunisia,"181","1320","788"
USA,Tunisia,"64","3348","788"
Sweden,Tunisia,"54","2814","788"
Belgium,Tunisia,"48","350","788"
UK,Tunisia,"43","3191","788"
Greece,Tunisia,"19","1414","788"
Germany,Turkey,"22684","1321","792"
Iraq,Turkey,"15556","1549","792"
France,Turkey,"10849","1166","792"
Canada,Turkey,"3676","643","792"
Switz.,Turkey,"3459","2909","792"
Italy,Turkey,"2481","1710","792"
Belgium,Turkey,"1409","351","792"
UK,Turkey,"930","3192","792"
Austria,Turkey,"701","238","792"
Netherlands,Turkey,"656","2138","792"
USA,Turkmenistan,"168","3350","795"
Germany,Turkmenistan,"78","1322","795"
Poland,Turkmenistan,"34","2397","795"
France,Turkmenistan,"22","1167","795"
Canada,Turkmenistan,"13","644","795"
Sweden,Turkmenistan,"11","2816","795"
UK,Turkmenistan,"11","3193","795"
Austria,Turkmenistan,"8","239","795"
Norway,Turkmenistan,"8","2269","795"
Russia,Turkmenistan,"6","2527","795"
USA,Turks and Caicos Islands,"14","3351",
USA,Uganda,"1440","3352","800"
UK,Uganda,"1166","3194","800"
Sweden,Uganda,"681","2817","800"
Kenya,Uganda,"646","1773","800"
S. Africa,Uganda,"549","2635","800"
Canada,Uganda,"548","645","800"
Netherlands,Uganda,"532","2139","800"
Germany,Uganda,"177","1323","800"
France,Uganda,"123","1168","800"
Norway,Uganda,"117","2270","800"
Russia,Ukraine,"101986","2528","804"
Italy,Ukraine,"5538","1712","804"
Belarus,Ukraine,"2206","269","804"
USA,Ukraine,"2074","3353","804"
France,Ukraine,"1650","1169","804"
Canada,Ukraine,"1246","646","804"
Germany,Ukraine,"715","1324","804"
Georgia,Ukraine,"635","1202","804"
Spain,Ukraine,"485","2697","804"
Czechia,Ukraine,"444","856","804"
USA,United Arab Emirates,"45","3354","784"
Canada,United Arab Emirates,"38","647","784"
Germany,United Arab Emirates,"32","1325","784"
UK,United Arab Emirates,"19","3196","784"
Australia,United Arab Emirates,"7","165","784"
Turkey,United Arab Emirates,"6","3026","784"
USA,United Kingdom,"38","3355","826"
Germany,United Kingdom,"18","1326","826"
Canada,United Kingdom,"11","648","826"
Sweden,United Kingdom,"7","2819","826"
Australia,United Kingdom,"5","166","826"
Malaysia,United Kingdom,"5","1924","826"
Canada,United Rep. of Tanzania,"158","649","834"
USA,United Rep. of Tanzania,"132","3356","834"
UK,United Rep. of Tanzania,"86","3197","834"
Belgium,United Rep. of Tanzania,"61","355","834"
Germany,United Rep. of Tanzania,"47","1327","834"
Sweden,United Rep. of Tanzania,"43","2820","834"
S. Africa,United Rep. of Tanzania,"37","2636","834"
Italy,United Rep. of Tanzania,"27","1713","834"
Switz.,United Rep. of Tanzania,"18","2912","834"
Australia,United Rep. of Tanzania,"14","167","834"
Germany,United States of America,"141","1328","840"
UK,United States of America,"50","3198","840"
Canada,United States of America,"46","650","840"
Sweden,United States of America,"19","2821","840"
Australia,United States of America,"18","168","840"
Malaysia,United States of America,"9","1925","840"
Ecuador,United States of America,"7","940","840"
Canada,Uruguay,"7","651","858"
USA,Uzbekistan,"1219","3357","860"
Sweden,Uzbekistan,"608","2822","860"
Norway,Uzbekistan,"226","2272","860"
France,Uzbekistan,"212","1171","860"
Canada,Uzbekistan,"177","652","860"
Germany,Uzbekistan,"104","1329","860"
Czechia,Uzbekistan,"99","857","860"
Austria,Uzbekistan,"96","242","860"
UK,Uzbekistan,"70","3199","860"
Russia,Uzbekistan,"67","2529","860"
USA,Venezuela (Bolivarian Republic of),"8074","3358","862"
Canada,Venezuela (Bolivarian Republic of),"1564","653","862"
Mexico,Venezuela (Bolivarian Republic of),"1220","2012","862"
Peru,Venezuela (Bolivarian Republic of),"344","2342","862"
Costa Rica,Venezuela (Bolivarian Republic of),"340","754","862"
Italy,Venezuela (Bolivarian Republic of),"290","1715","862"
France,Venezuela (Bolivarian Republic of),"206","1172","862"
Germany,Venezuela (Bolivarian Republic of),"134","1330","862"
Belgium,Venezuela (Bolivarian Republic of),"69","357","862"
Colombia,Venezuela (Bolivarian Republic of),"62","728","862"
China,Viet Nam,"321502","709","704"
France,Viet Nam,"7854","1173","704"
Germany,Viet Nam,"1253","1331","704"
UK,Viet Nam,"1136","3201","704"
Switz.,Viet Nam,"963","2915","704"
Thailand,Viet Nam,"647","2961","704"
USA,Viet Nam,"269","3359","704"
Australia,Viet Nam,"237","171","704"
Czechia,Viet Nam,"70","858","704"
Sweden,Viet Nam,"62","2824","704"
Algeria,Western Sahara,"173600","18","732"
Mauritania,Western Sahara,"26001","1983","732"
France,Western Sahara,"527","1174","732"
Cuba,Western Sahara,"124","786","732"
Angola,Western Sahara,"18","34","732"
Spain,Western Sahara,"18","2700","732"
UK,Western Sahara,"11","3202","732"
Venezuela,Western Sahara,"11","3386","732"
Switz.,Western Sahara,"8","2916","732"
Greece,Western Sahara,"6","1422","732"
S. Africa,Yemen,"11437","2618","887"
Djibouti,Yemen,"4290","915","887"
Ethiopia,Yemen,"1662","1006","887"
Germany,Yemen,"1482","1332","887"
Sweden,Yemen,"1195","2825","887"
Canada,Yemen,"864","655","887"
Jordan,Yemen,"577","1754","887"
Morocco,Yemen,"572","2034","887"
USA,Yemen,"566","3360","887"
UK,Yemen,"530","3203","887"
UK,Zambia,"81","3204","894"
S. Africa,Zambia,"64","2637","894"
USA,Zambia,"43","3361","894"
Canada,Zambia,"28","656","894"
Sweden,Zambia,"11","2826","894"
Australia,Zambia,"9","173","894"
Germany,Zambia,"8","1333","894"
Netherlands,Zambia,"8","2144","894"
Angola,Zambia,"7","35","894"
UK,Zimbabwe,"7481","3205","716"
S. Africa,Zimbabwe,"4561","2638","716"
Canada,Zimbabwe,"1079","657","716"
USA,Zimbabwe,"990","3362","716"
Australia,Zimbabwe,"919","174","716"
Botswana,Zimbabwe,"667","389","716"
Ireland,Zimbabwe,"252","1615","716"
Germany,Zimbabwe,"178","1334","716"
Namibia,Zimbabwe,"53","2046","716"
France,Zimbabwe,"44","1176","716"
,,,,
,,,,
,,,,
